<?xml version="1.0" encoding="UTF-8"?>
<project-private xmlns="http://www.netbeans.org/ns/project-private/1">
    <editor-bookmarks xmlns="http://www.netbeans.org/ns/editor-bookmarks/2" lastBookmarkId="0"/>
    <open-files xmlns="http://www.netbeans.org/ns/projectui-open-files/2">
        <group>
            <file>file:/C:/xampp/htdocs/Nikorriendo/resources/views/reporte/general.blade.php</file>
            <file>file:/C:/xampp/htdocs/Nikorriendo/routes/web.php</file>
            <file>file:/C:/xampp/htdocs/Nikorriendo/resources/views/servicio/servicios/list.blade.php</file>
            <file>file:/C:/xampp/htdocs/Nikorriendo/app/Http/Controllers/ReporteController.php</file>
            <file>file:/C:/xampp/htdocs/Nikorriendo/app/Http/Controllers/ServicioController.php</file>
            <file>file:/C:/xampp/htdocs/Nikorriendo/resources/views/menu/reporte.blade.php</file>
        </group>
    </open-files>
</project-private>
